{
  "dataset_rows": 237790,
  "train_rows": 214011,
  "val_rows": 23779,
  "accuracy": 0.9486521720846125,
  "weighted_f1": 0.9487469841577241,
  "macro_f1": 0.9156507001101737,
  "classification_report": {
    "High": {
      "precision": 0.9766981556455241,
      "recall": 0.937964402972179,
      "f1-score": 0.9569394860945832,
      "support": 11574.0
    },
    "Low": {
      "precision": 0.9369804237060875,
      "recall": 0.9742541128357654,
      "f1-score": 0.9552538047935842,
      "support": 10759.0
    },
    "Medium": {
      "precision": 0.8259986459038592,
      "recall": 0.8437067773167358,
      "f1-score": 0.8347588094423537,
      "support": 1446.0
    },
    "accuracy": 0.9486521720846125,
    "macro avg": {
      "precision": 0.9132257417518236,
      "recall": 0.9186417643748933,
      "f1-score": 0.9156507001101737,
      "support": 23779.0
    },
    "weighted avg": {
      "precision": 0.9495635171400005,
      "recall": 0.9486521720846125,
      "f1-score": 0.9487469841577241,
      "support": 23779.0
    }
  }
}